{
 "сука" : "собака женского пола",
 "Cука" : "Собака женского пола",
 "блядь" : "доступная женщина",
 "блять" : "доступная женщина",
 "Блять" : "доступная женщина",
 "Блядь" : "доступная женщина",
 "пидор" : "пирожок",
 "пидорас" : "пирожок",
 "pidor" : "net ne on",
 "csgotop.ru" : "",
 "соси хуй" : "отстаньте от меня",
 "syka" : "Собака женского пола",
 "Syka" : "доступная женщина",
 "Ебал мать админа" : "я занимался половым актом с собаками",
 "админ пидор" : "я сосал у куртки",
 "Админ пидор" : "я сосал у куртки",
 "Выебу тебя" : "я займусь с вами сексо против вашей воли",
 "ебал мать админа" : "я занимался половым актом с собаками",
 "csgotop.ru" : "",
 "сука" : "собака женского пола",
 "Cука" : "Собака женского пола",
 "блядь" : "доступная женщина",
 "блять" : "доступная женщина",
 "Блять" : "доступная женщина",
 "Блядь" : "доступная женщина",
 "пидор" : "пирожок",
 "пидорас" : "пирожок",
 "pidor" : "net ne on",
 "csgotop.ru" : "",
 "EzyGame.Ru" : "",
 "cyka" : "Собака женского пола",
 "Cyka" : "доступная женщина",
 "over-skin.ru" : "",
 "lucky-hand.ru" : "",
 "mycsarena.ru" : "",
 "csgostart.com" : "",
 "tapecsgo.com" : "",
 "изи скин говно" : "",
 "ДикиЙ пидор" : "ДикиЙ КРУТ",
 "дикий пидор" : "ДикиЙ КРУТ",
 "Jacket пидор" : "Jacket КРУТ",
 "jacket пидор" : "Jacket КРУТ",
 "джакет пидор" : "Jacket КРУТ",
 "иди нахуй" : "иди на хутор бабочек лови",
 "Иди нахуй" : "иди на хутор бабочек лови",
 "CSGO.ONE" : "",
 "HellStore.net" : "",
 "хуй" : "цензура**",
 "пизда" : "цензура**",
 "х у й" : "цензура**",
 "гавно" : "цензура**",
 "чмо" : "Человек Московской области",
 "кидалово" : "Круто",
 "кидала" : "Круто",
 "csgo-jackpot.net" : "",
 "csgowinner.ru" : "",
 "ебаный бот" : "Бог",
 "csgopvp.com" : "",
  "www.csgorise.ru" : "",
  "слава украiне" : "слава Путину",
"шалун":  "ой какой же ты шалун",
"glcsgo.com" : "",
"vk.com/alpha_csgo" : "",
"csgoblaze" : "",
"CSGOHS.RU" : "",
 "godrop.r" : "",
 "UITEMS.RU" : "",
 "drop" : "",
 "csgo" : "",
 "up" : "",
 "fastdr" : "",
 "items" : "",
 "cs" : "",
 "chance" : "",
 "заходите" : "",
 "го к нам" : "",
 "скины" : "",
 "у нас лучше" : "",
  ".ru" : "",
    "script" : "",
 "skins4you.ml" :"",
 "подкручивает" : ""

}